category,datetime,image_1,image_2,name,page,tag,url
tables,2021-01-05 18:14:24.742502,https://st.hzcdn.com/fimgs/8ae10ac90fd156a5_5385-w65-h65-b1-p0--.jpg,https://st.hzcdn.com/fimgs/2ca122380b298988_5043-w65-h65-b0-p0--.jpg,"71"" Modern Table With Brown Finish Wood Tabletop & Metal Legs Six 6 seating, Dar",1,"25 To 29 Inches,70 To 79 Inches,black,brown,Brown Finish,commerical,contemporary,Dark,Dining,dining tables,espresso,farmhouse,for,gray,Home,kitchen,living room,Mediterranean,modern,natural finish,Outdoor,Rectangle Shape,restaurant,room,steel,traditional,walnut,wooden,work",https://www.houzz.com/products/71-modern-table-with-brown-finish-wood-tabletop-and-metal-legs-six-6-seating-dar-prvw-vr~96070485
tables,2021-01-05 18:14:24.766220,https://st.hzcdn.com/fimgs/87d180980da9f6a4_2051-w65-h65-b1-p0--.jpg,https://st.hzcdn.com/fimgs/54a1b3730da9f6aa_2050-w65-h65-b1-p0--.jpg,"Faux White Marble Tulip Dining Table, Round Kitchen Table, Glam Gold Table, 60""",1,"circle,glam dining table,glamorous regency table,gold dining table,hollywood regency dining table,kitchen table,luxe dining table,Mid Century Dining Table,modern dining table,Round Marble Dining Table,Saarinen dining table,Saarinen Round Dining Table,tulip dining table,white dining table,white marble dining table",https://www.houzz.com/products/faux-white-marble-tulip-dining-table-round-kitchen-table-glam-gold-table-60-prvw-vr~150256324
tables,2021-01-05 18:14:25.689657,https://st.hzcdn.com/fimgs/4cd19ded0e751a36_0665-w65-h65-b1-p0--.jpg,https://cf-images.us-east-1.prod.boltdns.net/v1/jit/4186268161001/cc3f8429-f9ee-4b6c-b0e7-8b0d8c670f3b/main/300x300/23s255ms/match/image.jpg,"Curata 72"" Round Dining Table",1,"benjamin rugs & furniture,furniture,gray dining tables,Hooker furniture,hooker furniture curata round dining table - 72"" round,Kitchen & Dining Room Tables,metal dining tables,tables,transitional dining tables",https://www.houzz.com/products/curata-72-round-dining-table-prvw-vr~167370366
tables,2021-01-05 18:14:25.856330,https://st.hzcdn.com/fimgs/36b1df0a07e02d5f_6350-w65-h65-b1-p0--.jpg,https://st.hzcdn.com/fimgs/83511d1507f29f66_6300-w65-h65-b1-p0--.jpg,Sullivan Dining Table,1,"dark dining table,dining room,dining table,farmhouse,formal dining,furniture,industrial,rustic,table,wood and metal",https://www.houzz.com/products/sullivan-dining-table-prvw-vr~66691955
tables,2021-01-05 18:14:26.265087,https://st.hzcdn.com/simgs/81810de60b97aaa7_4-1265/home-design.jpg,,"Hartland Table 42"" Diameter Round Table, Linen White Finish",1,,https://www.houzz.com/products/hartland-table-42-diameter-round-table-linen-white-finish-prvw-vr~127605460
tables,2021-01-05 18:14:26.585622,https://st.hzcdn.com/fimgs/e0c102a6077ea0f9_5535-w65-h65-b1-p0--.jpg,https://st.hzcdn.com/fimgs/3ee1153f077ea0fa_5535-w65-h65-b0-p0--.jpg,Cleo Contemporary Dining Table In Stainless Steel With Clear Glass,1,"dining room furniture,dining table,glass,glass dining table,silver,silver dining table,stainless steel,stainless steel dining table,transitional,Transitional Dining Table",https://www.houzz.com/products/cleo-contemporary-dining-table-in-stainless-steel-with-clear-glass-prvw-vr~57266509
tables,2021-01-05 18:14:26.675045,https://st.hzcdn.com/fimgs/3191230c096e219a_6873-w65-h65-b1-p0--.jpg,https://st.hzcdn.com/fimgs/d7c13e400963d2f5_6873-w65-h65-b0-p0--.jpg,Fiorina Dining Table,1,"acrylic dining table,CARYLIC DINING TABLE,CONTEMPORARY ACYLIC DINING TABLE,design dining table,DIINIG TABLE,dining room table wood,DISTRESSE WOOD DINING TABLE,Glass Dining Table Top,modern dining table,walnut dining table,wood and acrylic glass dinig table,wood dinig table",https://www.houzz.com/products/fiorina-dining-table-prvw-vr~96072218
tables,2021-01-05 18:14:26.707927,https://st.hzcdn.com/fimgs/1b21d2ba0bff6080_5009-w65-h65-b1-p0--.jpg,https://st.hzcdn.com/fimgs/0381fe070bff6071_5009-w65-h65-b1-p0--.jpg,Wall-Mounted Drop-Leaf Table Folding Kitchen Dining Table Desk,1,"breakfast table,dining furniture,dining room table and c,dining room tables,dining table,Dining Table and Chairs,dining table chairs,dining table with benc,farmhouse dining table,farmhouse table,Kitchen Dining Table Desk,kitchen table,narrow dining table,small dining table,small kitchen table,wood dining table",https://www.houzz.com/products/wall-mounted-drop-leaf-table-folding-kitchen-dining-table-desk-prvw-vr~133616676
tables,2021-01-05 18:14:26.930279,https://st.hzcdn.com/fimgs/a07163d10a0c3700_4686-w65-h65-b1-p0--.jpg,https://st.hzcdn.com/fimgs/c2c184d40924cb7e_4686-w65-h65-b0-p0--.jpg,Modrest Jett Modern Walnut End Table,1,"accent table,eco-friendly end table,end table,mid century modern end table,rubberwood end table,scandinavian end table,side table,walnut end table",https://www.houzz.com/products/modrest-jett-modern-walnut-end-table-prvw-vr~93792163
tables,2021-01-05 18:14:27.697052,https://st.hzcdn.com/simgs/2011a5c207185975_4-6030/home-design.jpg,,"30'' Round Walnut Laminate Table Top, 22''x22'' Table Height Base",1,"accent table,activity table,banquet table,barheighttable,barstool,bookrack,dining chair,dining table,dining table set,end table,folding chairs,height stool,leather chair,lether sofa,loveseat,marker board,microfiber recliner,office chairs,ottoman set,outdoor table,padded seat,plastic chair,sofa,stool",https://www.houzz.com/products/30-round-walnut-laminate-table-top-22-x22-table-height-base-prvw-vr~84674444
chairs,2021-01-05 18:14:28.043424,https://st.hzcdn.com/fimgs/38f195490ae8fffe_9568-w65-h65-b1-p0--.jpg,https://st.hzcdn.com/fimgs/b6b1b8190ae90000_7498-w65-h65-b1-p0--.jpg,"Giselle Velvet Dining Chairs, Set of 2, Pink, Gold Base",1,"accent chair,armless,Dining,elegant,metal,modern,traditional,upholstered,velvet",https://www.houzz.com/products/giselle-velvet-dining-chairs-set-of-2-pink-gold-base-prvw-vr~118265642
tables,2021-01-05 18:14:28.063968,https://st.hzcdn.com/simgs/5da1ec1e085bcf5f_4-6217/home-design.jpg,,30'' Square Black Laminate Table Top With 22''x22'' Table Height Base,1,"accent table,activity table,banquet table,barheighttable,barstool,bookrack,dining chair,dining table,dining table set,end table,folding chairs,height stool,leather chair,lether sofa,loveseat,marker board,microfiber recliner,office chairs,ottoman set,outdoor table,padded seat,plastic chair,sofa,stool",https://www.houzz.com/products/30-square-black-laminate-table-top-with-22-x22-table-height-base-prvw-vr~160671573
tables,2021-01-05 18:14:28.712158,https://st.hzcdn.com/simgs/451159480a78cddf_4-3862/home-design.jpg,,Coaster Accent Tables Chairside Table With Storage Drawer and Outlet,1,"900577,accent table,antique nutmeg accent table,chair and side table,chair side table,coaster,Coffee and Accent Tables,coffee table,contemporary,drawers,end table,home accent,home decor,living room side table,metal,metal base,modern accent tables,rectangular,side table,Side Tables and End Tables,table with outlet,table with power outlet,transitional,wood top",https://www.houzz.com/products/coaster-accent-tables-chairside-table-with-storage-drawer-and-outlet-prvw-vr~143157783
chairs,2021-01-05 18:14:29.083085,https://st.hzcdn.com/fimgs/7c81b7fd0e86323d_3131-w65-h65-b1-p0--.jpg,https://st.hzcdn.com/fimgs/a33145e40e863243_3131-w65-h65-b0-p0--.jpg,"Serene Linen Down Filled Overstuffed Cloud Modular Chair, Cream, Armless Chair",1,"cloud,cloud armless chair,contemporary,cream,easily attach using attachment latch underneath,elegant,furniture,modern,modular,overstuffed down feather cushions,upholstered,velvet",https://www.houzz.com/products/serene-linen-down-filled-overstuffed-cloud-modular-chair-cream-armless-chair-prvw-vr~156859763
chairs,2021-01-05 18:14:29.263116,https://st.hzcdn.com/fimgs/45e195370f9071ee_2532-w65-h65-b1-p0--.jpg,https://st.hzcdn.com/fimgs/1301cc0c0f9071ef_3789-w65-h65-b0-p0--.jpg,"Alfred Dining Chairs, Set of 4, Light Beige With Blue Floral, Espresso Fabric",1,,https://www.houzz.com/products/alfred-dining-chairs-set-of-4-light-beige-with-blue-floral-espresso-fabric-prvw-vr~158103225
chairs,2021-01-05 18:14:29.288464,https://st.hzcdn.com/fimgs/86617419083dedeb_6322-w65-h65-b1-p0--.jpg,https://st.hzcdn.com/fimgs/7721c809083de5d6_7558-w65-h65-b0-p0--.jpg,"Patara Chair, Chrome Base, Silver Camira Wool",1,,https://www.houzz.com/products/patara-chair-chrome-base-silver-camira-wool-prvw-vr~67097763
tables,2021-01-05 18:14:29.553501,https://st.hzcdn.com/fimgs/3a41b6100951339c_9367-w65-h65-b1-p0--.jpg,https://st.hzcdn.com/fimgs/72d1c23108f77381_8048-w65-h65-b0-p0--.jpg,"Restaurant Tables and Chairs, ""Remotion"" 31.5'' Square Bistro Outdoor Table",1,"bistro outdoor table,restaurant tables,Restaurant Tables and Chairs",https://www.houzz.com/products/restaurant-tables-and-chairs-remotion-31-5-square-bistro-outdoor-table-prvw-vr~90754903
chairs,2021-01-05 18:14:29.709108,https://st.hzcdn.com/fimgs/3391692d0f931bf8_3649-w65-h65-b1-p0--.jpg,https://st.hzcdn.com/fimgs/9f4115e70f931bf9_3694-w65-h65-b1-p0--.jpg,"Betty Traditional Fabric Club Chair, Beige",1,,https://www.houzz.com/products/betty-traditional-fabric-club-chair-beige-prvw-vr~141617581
tables,2021-01-05 18:14:29.758829,https://st.hzcdn.com/fimgs/56e1ad6709d673d1_5790-w65-h65-b1-p0--.jpg,https://st.hzcdn.com/fimgs/6b61b11409d673d2_5790-w65-h65-b0-p0--.jpg,"Monarch 35  x60   Dining Table, Glossy White Finish",1,"dining set,glossy white dining set,home accent,home decor,i 1090,monarch,particle board dining set",https://www.houzz.com/products/monarch-35-x60-dining-table-glossy-white-finish-prvw-vr~25507346
tables,2021-01-05 18:14:29.923471,https://st.hzcdn.com/fimgs/b6b109f30e6f2587_5026-w65-h65-b1-p0--.jpg,https://st.hzcdn.com/fimgs/1c41305a0e6f2589_5026-w65-h65-b1-p0--.jpg,Haussmann� Wood Wave Verve Accent Snake Table 14x14x20 in H Walnut Oil,1,"accordian,bench,display stand,end table,pedestal,side table,stand,wave,wave end table,wave side table,wood end table,wood end-table,wood side table,wood side-table,wood wave table",https://www.houzz.com/products/haussmann%EF%BF%BD-wood-wave-verve-accent-snake-table-14x14x20-in-h-walnut-oil-prvw-vr~12925872
chairs,2021-01-05 18:14:30.395547,https://st.hzcdn.com/fimgs/6f01f55a0e85678d_5684-w65-h65-b1-p0--.jpg,https://st.hzcdn.com/fimgs/70e186010e856792_5302-w65-h65-b1-p0--.jpg,"Annie Tufted Velvet Dining Chairs, Set of 2",1,"box tufting,contemporary,contemporary design,dining chair,elegant,furniture,matt black legs,modern,soft grey velvet,upholstered,velvet",https://www.houzz.com/products/annie-tufted-velvet-dining-chairs-set-of-2-prvw-vr~156820478
chairs,2021-01-05 18:14:30.560053,https://st.hzcdn.com/fimgs/2941349f0f35d739_1480-w65-h65-b1-p0--.jpg,https://st.hzcdn.com/fimgs/8de155180f35d731_3899-w65-h65-b0-p0--.jpg,"CosmoLiving Ellis Modern Metal Accent Chair, Blush Pink",1,"accent chair,modern",https://www.houzz.com/products/cosmoliving-ellis-modern-metal-accent-chair-blush-pink-prvw-vr~163076213
chairs,2021-01-05 18:14:30.851003,https://st.hzcdn.com/fimgs/16a17ef50f9068fe_2086-w65-h65-b1-p0--.jpg,https://st.hzcdn.com/fimgs/5201ffb10f9068ff_3657-w65-h65-b0-p0--.jpg,"GDF Studio Oliver Farmhouse Armchair, Green Checkerboard/Dark Brown",1,,https://www.houzz.com/products/gdf-studio-oliver-farmhouse-armchair-green-checkerboard-dark-brown-prvw-vr~126620588
chairs,2021-01-05 18:14:30.885353,https://st.hzcdn.com/fimgs/eb510c620c378fe7_9380-w65-h65-b1-p0--.jpg,https://st.hzcdn.com/fimgs/0fd105ff0c378feb_6974-w65-h65-b0-p0--.jpg,"Paloma Pink Velvet Accent Chair, Pink",1,,https://www.houzz.com/products/paloma-pink-velvet-accent-chair-pink-prvw-vr~135868164
chairs,2021-01-05 18:14:30.951335,https://st.hzcdn.com/fimgs/4451a29c080a7f73_7543-w65-h65-b1-p0--.jpg,https://st.hzcdn.com/fimgs/171164d9080a7f74_7543-w65-h65-b1-p0--.jpg,"Colter Leather Dining Arm Chair with Steel Legs, Black",1,"Black Colter Dining Arm Chair,Colter Arm Chair,Colter Armchairs,Colter Leather Dining Arm Chair with Steel Legs,Dark Grey Colter Dining Arm Chair,Mink Colter Dining Arm Chair,modern leather dining chair,Nuevo Colter Arm Chair,Nuevo Colter Leather Dining Arm Chair with Steel Legs,Nuevo Living Colter Arm Chair",https://www.houzz.com/products/colter-leather-dining-arm-chair-with-steel-legs-black-prvw-vr~128568875
chairs,2021-01-05 18:14:31.504666,https://st.hzcdn.com/fimgs/2ab153b90b451e9a_6045-w65-h65-b1-p0--.jpg,https://st.hzcdn.com/fimgs/d931eec50b451e9d_6479-w65-h65-b1-p0--.jpg,"Picket House Furnishings Avery Accent Arm Chair, Teal",1,"accent chairs,blue chair,red accents,red chairs",https://www.houzz.com/products/picket-house-furnishings-avery-accent-arm-chair-teal-prvw-vr~123107807
chairs,2021-01-05 18:14:31.532604,https://st.hzcdn.com/fimgs/8041449b0c6edb30_3070-w65-h65-b1-p0--.jpg,https://st.hzcdn.com/fimgs/415150560c6edb31_3070-w65-h65-b1-p0--.jpg,"Sydney Swivel Chair, Coastal Gray",1,"arm chair,dining chair,modern,modern chair,occational chair,stainless steele chair,sunpan,sunpan chair,sunpan modern,sunpan modern chair,swivel chair",https://www.houzz.com/products/sydney-swivel-chair-coastal-gray-prvw-vr~124129059
chairs,2021-01-05 18:14:31.734709,https://st.hzcdn.com/fimgs/57c188660b870527_2677-w65-h65-b1-p0--.jpg,https://st.hzcdn.com/fimgs/b65196b00b87052e_4820-w65-h65-b1-p0--.jpg,"Milano Dining Chair, Off-White",1,"black and white,contemporary,cream,curved,curved chair,Dining,dining chair,dining chairs,dining room,eggshell,leather,metal,modern,off white,white",https://www.houzz.com/products/milano-dining-chair-off-white-prvw-vr~126424977
chairs,2021-01-05 18:14:31.788467,https://st.hzcdn.com/fimgs/1da1bc420ae8ffdc_7477-w65-h65-b1-p0--.jpg,https://st.hzcdn.com/fimgs/c53158020af36baf_7477-w65-h65-b1-p0--.jpg,"Giselle Velvet Dining Chairs, Set of 2, Black, Gold Base",1,"accent chair,armless,Dining,elegant,metal,modern,traditional,upholstered,velvet",https://www.houzz.com/products/giselle-velvet-dining-chairs-set-of-2-black-gold-base-prvw-vr~118265665
chairs,2021-01-05 18:14:31.912306,https://st.hzcdn.com/fimgs/0681d9590eeaedd5_9994-w65-h65-b1-p0--.jpg,https://st.hzcdn.com/fimgs/131106730eeaede8_9994-w65-h65-b1-p0--.jpg,"Poly and Bark Cafton Crossback Chair, Set of 2, Cork Brown",1,,https://www.houzz.com/products/poly-and-bark-cafton-crossback-chair-set-of-2-cork-brown-prvw-vr~142494204
chairs,2021-01-05 18:14:32.012678,https://st.hzcdn.com/fimgs/e991ce2f07102df0_5562-w65-h65-b1-p0--.jpg,https://st.hzcdn.com/fimgs/1671e4ab07102df1_8135-w65-h65-b0-p0--.jpg,Savonarola Chair,1,"chair,chairs,Dark brown chair,dark brown chairs,design toscano,furniture,hand carved chairs,renaissance chair,renaissance chairs,Savonarola chair,savonarola chair hand carved chairs,savonarola chairs,solid chair chairs,solid wood chair",https://www.houzz.com/products/savonarola-chair-prvw-vr~52871029
chairs,2021-01-05 18:14:32.292946,https://st.hzcdn.com/simgs/828106e40b046a2f_4-5612/home-design.jpg,,"Hannah Velvet Dining Chairs, Set of 2, Black",1,"accent chair,beige,Best,black,chair,contemporary,contemporary chair,cream,grey,meridian,meridian furniture,modern,nailhead chair,navy,pink,sky blue,transitional,tufted chair,velvet,velvet chair",https://www.houzz.com/products/hannah-velvet-dining-chairs-set-of-2-black-prvw-vr~118265710
chairs,2021-01-05 18:14:32.634220,https://st.hzcdn.com/simgs/e741fbca0f7606be_4-6077/home-design.jpg,,"Gamlin Gray Counter Stool, 26""",1,"counter,gamlin gray,stool,uttermost",https://www.houzz.com/products/gamlin-gray-counter-stool-26-prvw-vr~160104018
chairs,2021-01-05 18:14:32.917033,https://st.hzcdn.com/fimgs/b3a1b3160f27b2df_0488-w65-h65-b1-p0--.jpg,https://st.hzcdn.com/fimgs/25b18d4e0f27b2e9_0488-w65-h65-b1-p0--.jpg,"High Wingback Linen Armchair, Purple",1,"accent chair,accent chairs tufted nailhead chair,classic chair,club chair,high back chair,leather armchair,leather chair leather wingback chair,linen chair,living lounge chair,living room chair,modern chair,nailhead chair,recliner chairs,relax chair,tufted chair,velvet chair,wingback chair",https://www.houzz.com/products/high-wingback-linen-armchair-purple-prvw-vr~162656509
chairs,2021-01-05 18:14:32.982641,https://st.hzcdn.com/fimgs/3a2144320d0d2e19_8773-w65-h65-b1-p0--.jpg,https://st.hzcdn.com/fimgs/006140ec0d0d2e1a_6128-w65-h65-b0-p0--.jpg,"West Palm Living Room Accent Chair in Rustic Oak, Beige",1,"Beige accent chair,living room accent chair,Rustic Arm Accent Chair,taupe accent chair,Weathered Oak Accent Chair,wood accent chair",https://www.houzz.com/products/west-palm-living-room-accent-chair-in-rustic-oak-beige-prvw-vr~130121156
chairs,2021-01-05 18:14:33.227420,https://st.hzcdn.com/fimgs/038161420ae90040_2538-w65-h65-b1-p0--.jpg,https://st.hzcdn.com/fimgs/eed169200ae90044_2076-w65-h65-b1-p0--.jpg,"Heidi Velvet Dining Chairs, Set of 2, Pink",1,"accent chair,beige,Best,black,chair,contemporary,contemporary chair,cream,grey,meridian,meridian furniture,modern,nailhead chair,navy,pink,sky blue,transitional,tufted chair,velvet,velvet chair",https://www.houzz.com/products/heidi-velvet-dining-chairs-set-of-2-pink-prvw-vr~118265633
chairs,2021-01-05 18:14:33.261357,https://st.hzcdn.com/fimgs/1641351d0f99fc20_8349-w65-h65-b0-p0--.jpg,https://st.hzcdn.com/fimgs/13c106380f99fc23_8349-w65-h65-b0-p0--.jpg,"Omax Decor Jane Lounge Accent Chair, Gold",1,"arm chair,armchairs,blue,comfortable chair,commercial,curry,gold,living room chair,lobby,lounge chair,mustard,oak,office chair,plush,residential,upholstered chair,velvet,waiting,walnut,wood",https://www.houzz.com/products/omax-decor-jane-lounge-accent-chair-gold-prvw-vr~165942599
chairs,2021-01-05 18:14:33.651045,https://st.hzcdn.com/fimgs/f691c1a0079a2422_7713-w65-h65-b1-p0--.jpg,https://st.hzcdn.com/fimgs/fbf1ebce079a2427_7713-w65-h65-b1-p0--.jpg,"Montalto Pin-Tuck Lift Chair, Saville Brown",1,"brown,saville",https://www.houzz.com/products/montalto-pin-tuck-lift-chair-saville-brown-prvw-vr~61514313
chairs,2021-01-05 18:14:33.752991,https://st.hzcdn.com/fimgs/2f017e750f283d65_3642-w65-h65-b1-p0--.jpg,https://st.hzcdn.com/fimgs/5051853d0f283d69_3642-w65-h65-b1-p0--.jpg,"Rosco Velvet Accent Chair, Charcoal",1,"charcoal chair,FOAM CHAIR,home accent,home decor,plywood frame chair,rc850acc,solid wood chair,Steve Silver,velvet fabric chair",https://www.houzz.com/products/rosco-velvet-accent-chair-charcoal-prvw-vr~162667363
chairs,2021-01-05 18:14:33.873428,https://st.hzcdn.com/fimgs/46e12cae0db1c272_7309-w65-h65-b1-p0--.jpg,https://st.hzcdn.com/fimgs/af81daab0db1c274_7403-w65-h65-b1-p0--.jpg,"Nikki Velvet Dining Chairs, Set of 2, Navy",1,"beautiful,Best,comfortable,contemporary,dining chairs,modern,set of Dining Chairs,transitional,transitional dining chair set,transitional dining chairs,tufted,velvet,velvet dining chair set,velvet dining chairs,wood,wooden dining chair set,wooden dining chairs",https://www.houzz.com/products/nikki-velvet-dining-chairs-set-of-2-navy-prvw-vr~118265571
chairs,2021-01-05 18:14:34.244068,https://st.hzcdn.com/fimgs/11d1261f0a4bd92f_7126-w65-h65-b1-p0--.jpg,https://st.hzcdn.com/fimgs/ede1671e0a2856ed_7126-w65-h65-b0-p0--.jpg,"Lemele Velvet Dining Chairs, Set Of 2, Brown Sugar",1,"dining chairs,dining chairs with velvet upholstery,elegant dining chairs,upholstered dining chairs,velvet dining chairs",https://www.houzz.com/products/lemele-velvet-dining-chairs-set-of-2-brown-sugar-prvw-vr~88767737
chairs,2021-01-05 18:14:34.291802,https://st.hzcdn.com/fimgs/fe2159ae0ba2f528_3035-w65-h65-b1-p0--.jpg,https://st.hzcdn.com/fimgs/4bc12e8d0ba2f52d_6254-w65-h65-b1-p0--.jpg,"Omax Decor Zola Lounge Chair, Brown/Walnut",1,"accent chair,beige,blue,brown chair,comfortable chair,Danish,decor,fabric chair,gold,gray,green,grey,leather chair,living room chair,lounge chair,mid century chair,mint,mocha,modern,oak,orange,purple,Scandinavian,upholstered chair,velvet,velvet chair,walnut,wood chair,Z chair",https://www.houzz.com/products/omax-decor-zola-lounge-chair-brown-walnut-prvw-vr~128389483
chairs,2021-01-05 18:14:34.571576,https://st.hzcdn.com/fimgs/20d1aa350c92a142_5340-w65-h65-b1-p0--.jpg,https://st.hzcdn.com/fimgs/9b6182ad0c92a147_5340-w65-h65-b1-p0--.jpg,"Safavieh Clara Quilted Swivel Tub Chair, Emerald/Gold",1,"accent chairs,contemporary,modern",https://www.houzz.com/products/safavieh-clara-quilted-swivel-tub-chair-emerald-gold-prvw-vr~139923351
chairs,2021-01-05 18:14:34.625292,https://st.hzcdn.com/fimgs/42a113120f906eb9_1813-w65-h65-b1-p0--.jpg,https://st.hzcdn.com/fimgs/1fb1813e0f906eba_3649-w65-h65-b0-p0--.jpg,"GDF Studio Evelyn Mid Century Modern Fabric Arm Chair, Dark Gray/Walnut",1,,https://www.houzz.com/products/gdf-studio-evelyn-mid-century-modern-fabric-arm-chair-dark-gray-walnut-prvw-vr~123734618
chairs,2021-01-05 18:14:34.905649,https://st.hzcdn.com/fimgs/22017fff0ef2282c_6337-w65-h65-b1-p0--.jpg,https://st.hzcdn.com/fimgs/659199710ef2282f_7180-w65-h65-b1-p0--.jpg,"Aniline Leather Lounge Chair and Ottoman, Black, Base Palisander",1,"eames chair,eames inspired lounge chair,Eames Lounge Chair,eames lounge chair replica,eames lounge chair reproduction,Eames Replica,Eames Style Lounge Chair,herman miller eames lounge chair",https://www.houzz.com/products/aniline-leather-lounge-chair-and-ottoman-black-base-palisander-prvw-vr~161130099
chairs,2021-01-05 18:14:34.996047,https://st.hzcdn.com/fimgs/20518daf0bac0ce1_8224-w65-h65-b1-p0--.jpg,https://st.hzcdn.com/fimgs/2eb1d4660bac0ce3_2661-w65-h65-b1-p0--.jpg,"Akoya Velvet Dining Chair, Set of 2, Navy",1,14021,https://www.houzz.com/products/akoya-velvet-dining-chair-set-of-2-navy-prvw-vr~126495992
chairs,2021-01-05 18:14:35.383275,https://st.hzcdn.com/fimgs/1c610f4f0dd70537_5851-w65-h65-b1-p0--.jpg,https://st.hzcdn.com/fimgs/d5c117280dd7053b_2877-w65-h65-b1-p0--.jpg,"Xavier Velvet Dining Chair, Gray, Gold Legs",1,"black,chrome,chrome steel legs,comfortable,contemporary,contemporary design,dining chair,luxurious,meridian furniture,modern,nice,rich black velvet,sturdy,velvet,xavier,xavier black velvet dining chair",https://www.houzz.com/products/xavier-velvet-dining-chair-gray-gold-legs-prvw-vr~151816327
chairs,2021-01-05 18:14:35.411470,https://st.hzcdn.com/fimgs/504198490e910009_1656-w65-h65-b1-p0--.jpg,https://st.hzcdn.com/fimgs/42d13a110e910040_1656-w65-h65-b0-p0--.jpg,"Amy Swivel Accent Chair, Coastal Tan",1,"accent chairs,comfortable,comfy chair,furniture,living room chair,living room furniture,quality,seating,small chair,stylish,swivel chair,swivel glide,swivel glider recliner,swivels,turning chair,upholstered,upholstery",https://www.houzz.com/products/amy-swivel-accent-chair-coastal-tan-prvw-vr~157184367
chairs,2021-01-05 18:14:35.859320,https://st.hzcdn.com/fimgs/c1c1adee0f9082cf_1739-w65-h65-b1-p0--.jpg,https://st.hzcdn.com/fimgs/ffb1f4a90f9082d2_3629-w65-h65-b0-p0--.jpg,"GDF Studio Evelyn Mid Century Modern Fabric Arm Chair, Beige/Walnut",1,,https://www.houzz.com/products/gdf-studio-evelyn-mid-century-modern-fabric-arm-chair-beige-walnut-prvw-vr~123734598
beds,2021-01-05 18:14:35.916631,https://st.hzcdn.com/fimgs/aa918dd507bdd0d4_8429-w65-h65-b1-p0--.jpg,https://cf-images.us-east-1.prod.boltdns.net/v1/jit/4186268161001/4f09972e-a192-42e7-8ac7-9eaeb94cee14/main/300x300/34s826ms/match/image.jpg,"Victor Queen Button Bed, Premier White",1,"bed,micro-suede,Skyline Furniture,tufted bed,upholstered bed,white",https://www.houzz.com/products/victor-queen-button-bed-premier-white-prvw-vr~63957013
beds,2021-01-05 18:14:35.946542,https://st.hzcdn.com/fimgs/7a81db880dd80129_8760-w65-h65-b1-p0--.jpg,https://st.hzcdn.com/fimgs/bfa100dc0dd8012d_8760-w65-h65-b0-p0--.jpg,"Lily Velvet Bed, Navy, King",1,"comfortable,contemporary,deep channel tufting,gold steel legs,king bed,lily,lily navy velvet king bed,luxurious,meridian furniture,modern,navy,nice,rich navy velvet,sturdy,velvet",https://www.houzz.com/products/lily-velvet-bed-navy-king-prvw-vr~151850805
beds,2021-01-05 18:14:36.142929,https://st.hzcdn.com/fimgs/6581ecba0ec6e32e_9085-w65-h65-b1-p0--.jpg,https://st.hzcdn.com/fimgs/e9c18bd60ec6e32c_7259-w65-h65-b0-p0--.jpg,"Bernhardt Canyon Ridge Upholstered Tufted Bed, Desert Taupe, King",1,,https://www.houzz.com/products/bernhardt-canyon-ridge-upholstered-tufted-bed-desert-taupe-king-prvw-vr~157882092
chairs,2021-01-05 18:14:36.322673,https://st.hzcdn.com/fimgs/c201100b0ae8ffea_2176-w65-h65-b1-p0--.jpg,https://st.hzcdn.com/fimgs/df91051c0ae8ffec_2176-w65-h65-b1-p0--.jpg,"Karina Velvet Dining Chairs, Set of 2, Gray, Gold Base",1,"accent chair,beige,Best,black,chair,contemporary,contemporary chair,cream,grey,meridian,meridian furniture,modern,nailhead chair,navy,pink,sky blue,transitional,tufted chair,velvet,velvet chair",https://www.houzz.com/products/karina-velvet-dining-chairs-set-of-2-gray-gold-base-prvw-vr~118265649
beds,2021-01-05 18:14:36.377572,https://st.hzcdn.com/fimgs/7e317cd70e139ce7_0746-w65-h65-b1-p0--.jpg,https://st.hzcdn.com/fimgs/1b217dc00e139ce8_1378-w65-h65-b0-p0--.jpg,"CosmoLiving by Cosmopolitan Mercer Upholstered Bed, Light Gray, Queen",1,"bed,king,queen,tufted,wingback",https://www.houzz.com/products/cosmoliving-by-cosmopolitan-mercer-upholstered-bed-light-gray-queen-prvw-vr~152724940
beds,2021-01-05 18:14:36.931857,https://st.hzcdn.com/fimgs/ed319f980b0473bd_6240-w65-h65-b1-p0--.jpg,https://st.hzcdn.com/fimgs/352192190b0473be_6240-w65-h65-b0-p0--.jpg,"Nova Domus Alexa Italian Modern Gray Bed, Eastern King",1,"bed,gloss finish,light grey,made in italy",https://www.houzz.com/products/nova-domus-alexa-italian-modern-gray-bed-eastern-king-prvw-vr~118480270
beds,2021-01-05 18:14:36.959258,https://st.hzcdn.com/fimgs/b48114120f0cca8e_9571-w65-h65-b1-p0--.jpg,https://st.hzcdn.com/fimgs/153172b30f0cca88_2573-w65-h65-b0-p0--.jpg,"Loryn Queen Fabric Bed Frame with Round Splayed Legs, Teal",1,"affordable,beds,chair,decor,Dining,dining set,free shipping,furniture,Home,home and decor,home d�cor,home furniture,Home Interior,indoor,Kitchen set,living room set,modern furniture,Outdoor,sofa,solid wood frame;upholstered in polyester;ten wood support s",https://www.houzz.com/products/loryn-queen-fabric-bed-frame-with-round-splayed-legs-teal-prvw-vr~161916432
chairs,2021-01-05 18:14:37.027478,https://st.hzcdn.com/simgs/f3d113a30f90732e_4-2375/home-design.jpg,,"GDF Studio Percival T-stitched Chocolate Brown Leather Dining Chairs, Set of 4",1,,https://www.houzz.com/products/gdf-studio-percival-t-stitched-chocolate-brown-leather-dining-chairs-set-of-4-prvw-vr~92114888
beds,2021-01-05 18:14:37.097527,https://st.hzcdn.com/fimgs/a0d194d70e857c44_5672-w65-h65-b1-p0--.jpg,https://st.hzcdn.com/fimgs/a5e1bd4a0e857c4a_5719-w65-h65-b0-p0--.jpg,Zara Channel Tufted Velvet Bed With Custom Gold Legs,1,"contemporary,deep detailed channel tufting,elegant,furniture,gold legs with ball design,modern,rich cream velvet,twin bed,upholstered,velvet",https://www.houzz.com/products/zara-channel-tufted-velvet-bed-with-custom-gold-legs-prvw-vr~156823530
beds,2021-01-05 18:14:37.285420,https://st.hzcdn.com/fimgs/7fa1b9e70d5566d3_0476-w65-h65-b1-p0--.jpg,https://st.hzcdn.com/fimgs/ed7175820d5566d4_0476-w65-h65-b1-p0--.jpg,"Potrero Panel Bed, Queen",1,"antique white queen bed,bedroom furniture,Queen Panel Bed,Wood Queen Bed",https://www.houzz.com/products/potrero-panel-bed-queen-prvw-vr~141613752
beds,2021-01-05 18:14:37.447499,https://st.hzcdn.com/fimgs/0a81afa705a59eb5_3421-w65-h65-b1-p0--.jpg,https://st.hzcdn.com/fimgs/7341518505a59eb8_3421-w65-h65-b1-p0--.jpg,Solid Wood Distressed Style Bed,1,"bedroom sets,Hand made bed,painted bed,queen size beds,reclaimed bed,reclaimed wood bed,reclaimed wood bed frame,Reclaimed Wood Queen Bed,rustic bed,rustic modern bedroom,vintage bed",https://www.houzz.com/products/solid-wood-distressed-style-bed-prvw-vr~36058582
beds,2021-01-05 18:14:37.480806,https://st.hzcdn.com/fimgs/20814b320d9b4147_5539-w65-h65-b1-p0--.jpg,https://st.hzcdn.com/fimgs/4811362c0d9b412b_5541-w65-h65-b1-p0--.jpg,"Willow Complete Bed, Queen, Slat",1,"bed,Bedroom,bedroom set,farmhouse,industrial,king bed,platform bed,rustic,wooden bed",https://www.houzz.com/products/willow-complete-bed-queen-slat-prvw-vr~95828109
beds,2021-01-05 18:14:37.956369,https://st.hzcdn.com/fimgs/0da1ea4d0ce6cf40_0743-w65-h65-b1-p0--.jpg,https://st.hzcdn.com/fimgs/c7c1d6700ce6cf3d_4830-w65-h65-b1-p0--.jpg,"Melanie Full Tufted Button Upholstered Velvet Platform Bed, Sea Blue",1,"accent table,bar stool,bed,chandelier,coffeetable,counter stool,dining chair,dining set,dining table,faux leather chair,foam bed,full beds,headboard,home accent,home decor,lounge chair,mdf bed,mod-5819-sea,modway,office chair,patio chair,patio dining set,pendant light,sea blue bed,side chair,sofa set,tv stand,wall sconce,wood bed,wood dining table",https://www.houzz.com/products/melanie-full-tufted-button-upholstered-velvet-platform-bed-sea-blue-prvw-vr~143308334
beds,2021-01-05 18:14:38.152982,https://st.hzcdn.com/fimgs/53e1c2c809b94fd0_3587-w65-h65-b1-p0--.jpg,https://st.hzcdn.com/fimgs/dd21649709aec605_6187-w65-h65-b0-p0--.jpg,"Rosevera Angelo Tufted Upholstered Panel/Platform Bed, Beige, Queen",1,"bed,bed frame,beds,full bed,king bed,Linen bed,panel bed,platform bed,queen bed,Tufted Beds,twin bed,upholstered bed",https://www.houzz.com/products/rosevera-angelo-tufted-upholstered-panel-platform-bed-beige-queen-prvw-vr~100032127
beds,2021-01-05 18:14:38.263905,https://st.hzcdn.com/simgs/7241171605d22d58_4-2362/home-design.jpg,,"May Bed, Walnut, King",1,"bed,bedroom furniture,contemporary bed,dark wood bed,minimalist bed,modern bed,scandinavian bed,solid wood bed",https://www.houzz.com/products/may-bed-walnut-king-prvw-vr~36591412
beds,2021-01-05 18:14:38.405983,https://st.hzcdn.com/fimgs/cc71fad40e41ec9e_6987-w65-h65-b1-p0--.jpg,https://st.hzcdn.com/fimgs/a171f9220e41ec9f_6071-w65-h65-b1-p0--.jpg,"Flora Tall Keyhole Panel Headboard Bed, Bright White Woven, King",1,"adjustable,bed,Bedroom,beige,country,custom,design,farmhouse,footboard,French,furniture,gray,headboard,interior,midcentury,modern,nailhead,neutral,panel,platform,rustic,tall,taupe,transitional,tufted,unique,velvet,wingback",https://www.houzz.com/products/flora-tall-keyhole-panel-headboard-bed-bright-white-woven-king-prvw-vr~154319349
beds,2021-01-05 18:14:38.459059,https://st.hzcdn.com/fimgs/286121120e828fc9_3174-w65-h65-b1-p0--.jpg,https://st.hzcdn.com/fimgs/2c31334d0e828fcd_3174-w65-h65-b1-p0--.jpg,"Luzon Queen Bed, Light Gray",1,"bedframes,bedroom furniture,beds,beds king size beds,designer beds,fabric headboards,headboards,light gray,moe's home collection bedroom,moe's home collection beds,queen size beds,Storage Beds,upholstered beds,upholstered headboards,wood beds",https://www.houzz.com/products/luzon-queen-bed-light-gray-prvw-vr~163553253
beds,2021-01-05 18:14:38.499798,https://st.hzcdn.com/simgs/b2719e1d08865255_4-1166/home-design.jpg,,"Nencia Upholstered Panel Bed, Beige, Charcoal, Full",1,"bed frame,panel bed,upholstered beds,upholstered platform bed,upholstery bed",https://www.houzz.com/products/nencia-upholstered-panel-bed-beige-charcoal-full-prvw-vr~83383783
beds,2021-01-05 18:14:38.616030,https://st.hzcdn.com/simgs/4d91c6020e1d1b4b_4-3853/home-design.jpg,,Amanda Queen Panel Bed,1,"coastal  decor,girls,kids,Queen Beds,youth",https://www.houzz.com/products/amanda-queen-panel-bed-prvw-vr~60050096
beds,2021-01-05 18:14:38.961501,https://st.hzcdn.com/fimgs/7b3191e00c3682ab_1590-w65-h65-b1-p0--.jpg,https://st.hzcdn.com/fimgs/9a91ae8a0c3682a8_1590-w65-h65-b0-p0--.jpg,"Anya Queen Upholstered Fabric Bed, Gray",1,"affordable,assembly required,chair,Dining,free shipping,furniture,Home,home d�cor,Home Interior,indoor,modern furniture,non-marking foot caps,Outdoor,padded sturdy plywood base,platform bed frame with headboard,slatted poplar wood support system,sofa,upholstered in polyester fabric,weight capacity up to 1300 lbs",https://www.houzz.com/products/anya-queen-upholstered-fabric-bed-gray-prvw-vr~99129529
beds,2021-01-05 18:14:39.122669,https://st.hzcdn.com/fimgs/7fc15399076acc06_0978-w65-h65-b1-p0--.jpg,https://st.hzcdn.com/fimgs/5321c9530627b67b_2472-w65-h65-b0-p0--.jpg,"Full Size Platform Bed, Pine Wood, Unfinished",1,"bed with drawers,full size bed,platform bed",https://www.houzz.com/products/full-size-platform-bed-pine-wood-unfinished-prvw-vr~42086221
beds,2021-01-05 18:14:39.260804,https://st.hzcdn.com/fimgs/7bc1b0f708a3a0c4_8666-w65-h65-b1-p0--.jpg,https://cf-images.us-east-1.prod.boltdns.net/v1/jit/4186268161001/4f09972e-a192-42e7-8ac7-9eaeb94cee14/main/300x300/34s826ms/match/image.jpg,"Taylor Nail Button High Arch Notched Bed, Velvet Light Gray, King",1,"arched bed,bed,California king,full,king,queen,twin,upholstered bed",https://www.houzz.com/products/taylor-nail-button-high-arch-notched-bed-velvet-light-gray-king-prvw-vr~85333209
beds,2021-01-05 18:14:39.520898,https://st.hzcdn.com/simgs/cfc19a9b0eb1d22b_4-7835/home-design.jpg,,Tommy Bahama Ocean Breeze Siesta Key Woven California King Bed,1,"benjamin rugs & furniture,California king,Tommy Bahama,tommy bahama ocean breeze siesta key woven bed",https://www.houzz.com/products/tommy-bahama-ocean-breeze-siesta-key-woven-california-king-bed-prvw-vr~159116514
beds,2021-01-05 18:14:39.554862,https://st.hzcdn.com/fimgs/20b19a4e07067eea_3075-w65-h65-b1-p0--.jpg,https://st.hzcdn.com/fimgs/9401b38206b8dbb6_3075-w65-h65-b1-p0--.jpg,"Hillsdale Furniture Madison Bed Set, King w/ Rails, Textured Black",1,beds,https://www.houzz.com/products/hillsdale-furniture-madison-bed-set-king-w-rails-textured-black-prvw-vr~89928022
beds,2021-01-05 18:14:39.609051,https://st.hzcdn.com/fimgs/9091a0d50405fd54_8678-w65-h65-b1-p0--.jpg,https://st.hzcdn.com/fimgs/164140ea03fab7ff_0033-w65-h65-b0-p0--.jpg,"Hillsdale Furniture Baremore Bed Set, Queen with Rails, Antique Brown",1,"Antique Brown Finish,beds,footboard is 43"",headboard is 72"" tall,metal (tubular steel),Romantic Design,weathered dark brown finish",https://www.houzz.com/products/hillsdale-furniture-baremore-bed-set-queen-with-rails-antique-brown-prvw-vr~16320203
beds,2021-01-05 18:14:39.797226,https://st.hzcdn.com/fimgs/a03115a70ece8f96_2842-w65-h65-b1-p0--.jpg,https://st.hzcdn.com/fimgs/3d9148090ece8fa6_7685-w65-h65-b0-p0--.jpg,"100% Solid Wood Kansas Full Mate's Platform Storage Bed, White",1,,https://www.houzz.com/products/100-solid-wood-kansas-full-mate-s-platform-storage-bed-white-prvw-vr~159955945
beds,2021-01-05 18:14:40.082425,https://st.hzcdn.com/fimgs/37b1bd990c12df38_5306-w65-h65-b1-p0--.jpg,https://st.hzcdn.com/fimgs/cdc182900c12df3a_5306-w65-h65-b0-p0--.jpg,"Safavieh Eliza Metal Bed, Queen",1,"beds,contemporary,modern",https://www.houzz.com/products/safavieh-eliza-metal-bed-queen-prvw-vr~134407088
beds,2021-01-05 18:14:40.137779,https://st.hzcdn.com/fimgs/f151146605aeaf3c_0113-w65-h65-b1-p0--.jpg,https://st.hzcdn.com/fimgs/1811b4ae05ad83c0_4968-w65-h65-b0-p0--.jpg,"Hudson Bed, Queen",1,"benjamin rugs & furniture,brownstone furniture,brownstone furniture hudson queen bed,stephanie cohen home",https://www.houzz.com/products/hudson-bed-queen-prvw-vr~36392500
beds,2021-01-05 18:14:40.164021,https://st.hzcdn.com/fimgs/b601803c0d0d2f5c_8511-w65-h65-b1-p0--.jpg,https://st.hzcdn.com/fimgs/65119cd00d0d2f5d_6119-w65-h65-b1-p0--.jpg,"Valentina Upholstered Linen Blend Wingback Platform Bed, Gray, California King",1,"fabric bed,high profile bed,Linen Blend Bed,platform bed,upholstered bed,wingback beds",https://www.houzz.com/products/valentina-upholstered-linen-blend-wingback-platform-bed-gray-california-king-prvw-vr~114352479
beds,2021-01-05 18:14:40.320723,https://st.hzcdn.com/fimgs/be2112d80ce55024_2430-w65-h65-b1-p0--.jpg,https://st.hzcdn.com/fimgs/c521bfe50ce55041_2430-w65-h65-b0-p0--.jpg,"Diego Complete Bed, Cinnamon Pine, 5/0 Queen",1,"diego,espresso,espresso headboard,pine,progressive,progressive furniture",https://www.houzz.com/products/diego-complete-bed-cinnamon-pine-5-0-queen-prvw-vr~55334886
beds,2021-01-05 18:14:40.638331,https://st.hzcdn.com/fimgs/881128400c33ad29_4341-w65-h65-b1-p0--.jpg,https://st.hzcdn.com/fimgs/71911e690c33ad2c_4341-w65-h65-b0-p0--.jpg,"Tufted Nailhead Trimmed Bed, Warm Gray, King",1,"fashion beds,grey,nail head,queen,traditional,tufted,uph beds,upholstered",https://www.houzz.com/products/tufted-nailhead-trimmed-bed-warm-gray-king-prvw-vr~135708442
beds,2021-01-05 18:14:40.696243,https://st.hzcdn.com/fimgs/d881a76f0dd80254_8760-w65-h65-b1-p0--.jpg,https://st.hzcdn.com/fimgs/5e312a9c0dd8025e_8760-w65-h65-b0-p0--.jpg,"Dolce Velvet Bed, Green, Queen",1,"comfortable,contemporary,contemporary design,dolce,dolce green velvet queen bed,gold metal trim and legs,green,luxurious,luxurious green velvet,meridian furniture,modern,nice,queen bed,sturdy,velvet",https://www.houzz.com/products/dolce-velvet-bed-green-queen-prvw-vr~151850761
beds,2021-01-05 18:14:40.781116,https://st.hzcdn.com/fimgs/0fb1e757099e182d_1581-w65-h65-b1-p0--.jpg,https://st.hzcdn.com/fimgs/04315590099e1830_1581-w65-h65-b1-p0--.jpg,"Arabelle Bed - Gray, Queen",1,"500-1000,bed,bedroom furniture,gs,o55,over 550,over-400,over-500,tov furniture,tov-furniture,upholstered,velvet,velvet-wood",https://www.houzz.com/products/arabelle-bed-gray-queen-prvw-vr~100337423
beds,2021-01-05 18:14:40.831564,https://st.hzcdn.com/simgs/15318bed0bb1425a_4-8225/home-design.jpg,,Hoddam Queen Bed,1,,https://www.houzz.com/products/hoddam-queen-bed-prvw-vr~129413644
beds,2021-01-05 18:14:41.050783,https://st.hzcdn.com/fimgs/e4b1ae480e90b94a_5085-w65-h65-b1-p0--.jpg,https://st.hzcdn.com/fimgs/47b179650e90b94b_9111-w65-h65-b0-p0--.jpg,"Carly Velvet Upholstered Bed, Black, Queen",1,,https://www.houzz.com/products/carly-velvet-upholstered-bed-black-queen-prvw-vr~157167518
beds,2021-01-05 18:14:41.203263,https://st.hzcdn.com/fimgs/d3211d8b0f0cfb26_3535-w65-h65-b1-p0--.jpg,https://st.hzcdn.com/fimgs/4cc12aea0f0cfb27_4303-w65-h65-b1-p0--.jpg,"Biscuit Tufted Platform King Storage Bed, Fog Gray, Gray, King",1,"contemporary,fashion beds,gray,king,uph beds,upholstered",https://www.houzz.com/products/biscuit-tufted-platform-king-storage-bed-fog-gray-gray-king-prvw-vr~161921956
beds,2021-01-05 18:14:41.227362,https://st.hzcdn.com/fimgs/a9f158d109274609_4304-w65-h65-b1-p0--.jpg,https://st.hzcdn.com/fimgs/33116bfb09272892_4304-w65-h65-b1-p0--.jpg,"McArthur Upholstered Bed Set, Bronze Finish, Bed Frame Not Included, Queen",1,,https://www.houzz.com/products/mcarthur-upholstered-bed-set-bronze-finish-bed-frame-not-included-queen-prvw-vr~93937986
sofas,2021-01-05 18:14:41.764910,https://st.hzcdn.com/simgs/d0a15ab30a3bd63a_4-6391/home-design.jpg,,"Lauren Sofa, White",1,,https://www.houzz.com/products/lauren-sofa-white-prvw-vr~107955087
sofas,2021-01-05 18:14:41.931198,https://st.hzcdn.com/simgs/f381e2610f5fe357_4-8699/home-design.jpg,,"Marco Apartment Size Sofa, Gold, 60""x37""x32""",1,"american made sofa,Apartment size sofa,apartment sofa,choice of fabrics sofa,custom sofa,Hand Made Sofa,Made in Usa sofa",https://www.houzz.com/products/marco-apartment-size-sofa-gold-60x37x32-prvw-vr~107104644
sofas,2021-01-05 18:14:41.976389,https://st.hzcdn.com/fimgs/9541a9d80d092b32_1963-w65-h65-b1-p0--.jpg,https://st.hzcdn.com/fimgs/f651a0ac0d092b34_9756-w65-h65-b1-p0--.jpg,Modern Armondo Sofa in Two Tone White Microfiber Leather and Gray Accent,1,"Chic,contemporary,leather,Mid Modern,modern,modern classic",https://www.houzz.com/products/modern-armondo-sofa-in-two-tone-white-microfiber-leather-and-gray-accent-prvw-vr~144440689
sofas,2021-01-05 18:14:42.130638,https://st.hzcdn.com/fimgs/5321e28b0f9065a7_2673-w65-h65-b1-p0--.jpg,https://st.hzcdn.com/fimgs/fd81bb220f9065a8_3765-w65-h65-b0-p0--.jpg,"Violet Channel Stitched Fabric 3 Seat Sofa, Beige and Dark Brown",1,,https://www.houzz.com/products/violet-channel-stitched-fabric-3-seat-sofa-beige-and-dark-brown-prvw-vr~154711759
sofas,2021-01-05 18:14:42.383624,https://st.hzcdn.com/fimgs/55a17a6109b00d9c_9581-w65-h65-b1-p0--.jpg,https://st.hzcdn.com/fimgs/80c128ad09a70a25_9581-w65-h65-b0-p0--.jpg,"Wollo Full Leather Mid-Century Sofa, Pure White",1,"contemporary,Full Leather,leather,modern",https://www.houzz.com/products/wollo-full-leather-mid-century-sofa-pure-white-prvw-vr~142928726
sofas,2021-01-05 18:14:43.136830,https://st.hzcdn.com/simgs/2e91881e0f5fe531_4-9617/home-design.jpg,,"Logan Sofa, Blush Velvet",1,"american made sofa,choice of fabric sofa,contemporary sofa,Made in Usa sofa,midcentury modern sofa,modern sofa,tufted sofa",https://www.houzz.com/products/logan-sofa-blush-velvet-prvw-vr~116414088
sofas,2021-01-05 18:14:43.215496,https://st.hzcdn.com/fimgs/e7d149e80e6aa324_9281-w65-h65-b1-p0--.jpg,https://st.hzcdn.com/fimgs/b4a1dedd0e6aa32a_1348-w65-h65-b1-p0--.jpg,"Traditional Ultra Comfortable Linen Sofa, Grey",1,"beige,blue,classic,contemporary,dark gray,dark grey,fabric,furniture,gray,grey,Home,house,light blue,linen,living room,mid century,mid-century,midcentury,modern,purple,traditional",https://www.houzz.com/products/traditional-ultra-comfortable-linen-sofa-grey-prvw-vr~91729597
sofas,2021-01-05 18:14:43.275712,https://st.hzcdn.com/fimgs/2561525707bf6243_6357-w65-h65-b1-p0--.jpg,https://st.hzcdn.com/fimgs/4d711b1d07b5ee2e_6357-w65-h65-b0-p0--.jpg,"Guillaume Sofa, Performance Velvet, Chocolate Velvet",1,"Nailhead design,sofa,steamlined sofa,tufted sofa,tufted velvet sofa,velvet sofa",https://www.houzz.com/products/guillaume-sofa-performance-velvet-chocolate-velvet-prvw-vr~63151585
sofas,2021-01-05 18:14:43.462758,https://st.hzcdn.com/fimgs/fe51a6580da5af3c_9857-w65-h65-b1-p0--.jpg,https://st.hzcdn.com/fimgs/63c1c6e10da5af52_9857-w65-h65-b1-p0--.jpg,"Bobby Berk Larsen Upholstered Sofa, Ivory",1,,https://www.houzz.com/products/bobby-berk-larsen-upholstered-sofa-ivory-prvw-vr~150081801
sofas,2021-01-05 18:14:43.515093,https://st.hzcdn.com/fimgs/a741499c059d4642_7078-w65-h65-b1-p0--.jpg,https://st.hzcdn.com/fimgs/b7317017059d4643_7078-w65-h65-b1-p0--.jpg,"Dallas Sofa, Ivory Performance/Navy Piping",1,,https://www.houzz.com/products/dallas-sofa-ivory-performance-navy-piping-prvw-vr~35676631
sofas,2021-01-05 18:14:43.558902,https://st.hzcdn.com/fimgs/e701b5890ce7eee5_6315-w65-h65-b1-p0--.jpg,https://st.hzcdn.com/fimgs/ade1a3e80ce7eee6_6315-w65-h65-b0-p0--.jpg,Bradley Sofa,1,,https://www.houzz.com/products/bradley-sofa-prvw-vr~143334692
sofas,2021-01-05 18:14:44.053156,https://st.hzcdn.com/fimgs/17612aec0e3b2327_9077-w65-h65-b1-p0--.jpg,https://st.hzcdn.com/fimgs/e2815e8d0e3b2328_7441-w65-h65-b1-p0--.jpg,"Traditional Velvet Upholstered Chesterfield Sofa With Accent Pillows, Black",1,"couch,couches and sofas,furniture,home decor,home decorations for living room,living room decor,living room furniture,mid century furniture,Mid Century Modern Furniture,midcentury modern,sectionals,sofa,velvet sofa,velvet sofa beige,velvet sofa cover,velvet sofa for sale,velvet sofa purple,velvet sofas and couches",https://www.houzz.com/products/traditional-velvet-upholstered-chesterfield-sofa-with-accent-pillows-black-prvw-vr~118239920
sofas,2021-01-05 18:14:44.219034,https://st.hzcdn.com/fimgs/12a1cfaf0f90667a_3029-w65-h65-b1-p0--.jpg,https://st.hzcdn.com/fimgs/d93185ea0f90667c_3728-w65-h65-b0-p0--.jpg,"Olga Modern Glam Velvet 3 Seater Sofa, Sage, Dark Brown",1,,https://www.houzz.com/products/olga-modern-glam-velvet-3-seater-sofa-sage-dark-brown-prvw-vr~144557433
sofas,2021-01-05 18:14:44.504100,https://st.hzcdn.com/fimgs/a881549e0c34fb5f_9776-w65-h65-b1-p0--.jpg,https://st.hzcdn.com/fimgs/92f110810c34fb97_9776-w65-h65-b1-p0--.jpg,"Leroy 7' Velvet Sofa, Alabaster, Extra Deep",1,"3 seater sofa,couch,custom made sofa,deep seat,handcrafted sofa,living room furniture,Made in USA,rolled arm sofa,seat cushion,sofa,upholstered sofa,velvet sofa,white sofa",https://www.houzz.com/products/leroy-7-velvet-sofa-alabaster-extra-deep-prvw-vr~127268815
sofas,2021-01-05 18:14:44.652757,https://st.hzcdn.com/fimgs/a731cb160e53963e_1248-w65-h65-b1-p0--.jpg,https://st.hzcdn.com/fimgs/9701f0f40ecb9c8c_1248-w65-h65-b0-p0--.jpg,Divani Casa Spruce Modern Red Velvet Sofa,1,"curved,hidden frame,red,red velvet,sofa,upholstery,velvet",https://www.houzz.com/products/divani-casa-spruce-modern-red-velvet-sofa-prvw-vr~155447203
sofas,2021-01-05 18:14:45.091369,https://st.hzcdn.com/fimgs/0171b8d2088292fd_8241-w65-h65-b1-p0--.jpg,https://st.hzcdn.com/fimgs/74e1b86608829300_8241-w65-h65-b1-p0--.jpg,Eclipse Sofa White,1,"contemporary,modern,sofa,stylish chic",https://www.houzz.com/products/eclipse-sofa-white-prvw-vr~83265745
sofas,2021-01-05 18:14:45.312808,https://st.hzcdn.com/fimgs/69f1868b0eb5274d_4805-w65-h65-b1-p0--.jpg,https://st.hzcdn.com/fimgs/f181b5f80eb26714_4805-w65-h65-b0-p0--.jpg,Divani Casa Mathis Modern Grey Fabric Sofa,1,"Double Seat Cushion,Fabric Sofa,grey,grey fabric,sofa,upholstery",https://www.houzz.com/products/divani-casa-mathis-modern-grey-fabric-sofa-prvw-vr~155442898
sofas,2021-01-05 18:14:45.490713,https://st.hzcdn.com/fimgs/4821d0a00c6edc65_9411-w65-h65-b1-p0--.jpg,https://st.hzcdn.com/fimgs/5371da170c6edc65_9411-w65-h65-b1-p0--.jpg,"Baretto Sofa, Gray",1,"contact greade sofa,faux leather,finished back,foam sofa,leather sofa,modern sofa,sofa,sofas,sunpan modern sofa,Sunpan Sofa,sunpan sofas",https://www.houzz.com/products/baretto-sofa-gray-prvw-vr~126490023
sofas,2021-01-05 18:14:45.534529,https://st.hzcdn.com/fimgs/25f1cd2f0d839dc2_0177-w65-h65-b1-p0--.jpg,https://st.hzcdn.com/fimgs/6171c4290d839dc2_6888-w65-h65-b1-p0--.jpg,"Mackenzie Farmhouse Velvet Tufted Sofa, Purple Velvet",1,"Bedroom,Chic,classic style furniture,contemporary,den,design,elegant sofa,farmhouse,French country,furnishing,furniture,Home,home furnishing,interior,living room,living space,modern,modern sofa,office,purple,sleek design,sofa,velvet",https://www.houzz.com/products/mackenzie-farmhouse-velvet-tufted-sofa-purple-velvet-prvw-vr~144671796
sofas,2021-01-05 18:14:45.665129,https://st.hzcdn.com/fimgs/63e19ac30bae2a46_1058-w65-h65-b1-p0--.jpg,https://st.hzcdn.com/fimgs/5c8194b50bae2a48_9095-w65-h65-b1-p0--.jpg,"Roseverea Christiansburg Tufted Sofa, Gray",1,"bedroom furniture,couches,living room sets,loveseat,sofa",https://www.houzz.com/products/roseverea-christiansburg-tufted-sofa-gray-prvw-vr~129238779
sofas,2021-01-05 18:14:46.054903,https://st.hzcdn.com/simgs/f621369f0834893e_4-4967/home-design.jpg,,"Pia English Arm Leather Sofa, Brown",1,"aniline,brown,camel,English arm,gold,leather,tan,tight back,timeless,top grain,turned wood leg,Western",https://www.houzz.com/products/pia-english-arm-leather-sofa-brown-prvw-vr~76235561
sofas,2021-01-05 18:14:46.379381,https://st.hzcdn.com/fimgs/9731c6be0e2718b9_2256-w65-h65-b1-p0--.jpg,https://st.hzcdn.com/fimgs/7461a6060ecb9bc9_2256-w65-h65-b0-p0--.jpg,Divani Casa Admiral Modern Classic Sand Fabric Sofa,1,"100% linen,2-Back Cushions,fabric,pine,sand,Slipcovered Frame,sofa",https://www.houzz.com/products/divani-casa-admiral-modern-classic-sand-fabric-sofa-prvw-vr~153918427
sofas,2021-01-05 18:14:46.405721,https://st.hzcdn.com/fimgs/4b21ae5a0d682445_4016-w65-h65-b1-p0--.jpg,https://st.hzcdn.com/fimgs/ba9167010d682435_4016-w65-h65-b0-p0--.jpg,Bowery Hill Leather Chesterfield Sofa In Grey,1,,https://www.houzz.com/products/bowery-hill-leather-chesterfield-sofa-in-grey-prvw-vr~147805786
sofas,2021-01-05 18:14:46.433215,https://st.hzcdn.com/fimgs/de6154f30e9f6db6_8634-w65-h65-b1-p0--.jpg,https://st.hzcdn.com/fimgs/50417e4b0e9f6dad_8634-w65-h65-b0-p0--.jpg,"Nicole Miller Althea Velvet Channel Tufted Nailhead Trim Sofa, Hunter Green/Gold",1,,https://www.houzz.com/products/nicole-miller-althea-velvet-channel-tufted-nailhead-trim-sofa-hunter-green-gold-prvw-vr~139522855
sofas,2021-01-05 18:14:46.609611,https://st.hzcdn.com/fimgs/c3c18b6e0f905de7_2964-w65-h65-b1-p0--.jpg,https://st.hzcdn.com/fimgs/d4c171630f905de8_3736-w65-h65-b0-p0--.jpg,"Loma Traditional Button Tufted Fabric 3 Seater Sofa, Light Blush/Dark Brown",1,,https://www.houzz.com/products/loma-traditional-button-tufted-fabric-3-seater-sofa-light-blush-dark-brown-prvw-vr~146963145
sofas,2021-01-05 18:14:46.707499,https://st.hzcdn.com/fimgs/d3513d060e331150_0564-w65-h65-b1-p0--.jpg,https://st.hzcdn.com/fimgs/b34198880e33114d_3560-w65-h65-b0-p0--.jpg,"Valour Performance Velvet Sofa, Cognac",1,"affordable,decor,dining set,free shipping,furniture,Home,home and decor,home furniture,Kitchen set,living room,living room set,modern furniture,sofas armchairs",https://www.houzz.com/products/valour-performance-velvet-sofa-cognac-prvw-vr~154306687
sofas,2021-01-05 18:14:47.420585,https://st.hzcdn.com/fimgs/55d1b68d0d88ef3e_2298-w65-h65-b1-p0--.jpg,https://st.hzcdn.com/fimgs/e39144de0d88ef3c_2298-w65-h65-b1-p0--.jpg,"Ken Velvet Tufted Sofa, Arctic Blue",1,"burgundy,den,Elegance,elegant,gray,grey,Home,home decor,jennifer,jennifer taylor,jennifer taylor home,ken,living room,lounge,office,red,room decor,sofa,upholstered,velvet",https://www.houzz.com/products/ken-velvet-tufted-sofa-arctic-blue-prvw-vr~65715961
sofas,2021-01-05 18:14:47.455544,https://st.hzcdn.com/fimgs/5e8103e40ce7eedf_6301-w65-h65-b1-p0--.jpg,https://st.hzcdn.com/fimgs/81c12b630ce7eee0_6301-w65-h65-b0-p0--.jpg,Townsend Sofa,1,,https://www.houzz.com/products/townsend-sofa-prvw-vr~143334739
sofas,2021-01-05 18:14:47.645354,https://st.hzcdn.com/fimgs/43a194a30e85291f_5734-w65-h65-b1-p0--.jpg,https://st.hzcdn.com/fimgs/9581a7670e85292a_3029-w65-h65-b0-p0--.jpg,"Serene Linen Down Filled Cloud Modular Sofa, Navy, 3-Seater, Armless",1,"cloud modular sofa,contemporary,elegant,furniture,modern,modular to create infinite configurations,overall height 35"" when back cushion fully upright,overstuffed down feather cushions for maximum comfort,soft cream durable linen fabric upholstery,upholstered,velvet",https://www.houzz.com/products/serene-linen-down-filled-cloud-modular-sofa-navy-3-seater-armless-prvw-vr~156823830
sofas,2021-01-05 18:14:47.788615,https://st.hzcdn.com/fimgs/cd71a8890a58ce7d_3337-w65-h65-b1-p0--.jpg,https://st.hzcdn.com/fimgs/f371a1180a58ce7e_9471-w65-h65-b1-p0--.jpg,"Hope Contemporary Sofa, Genuine Dove Gray Leather With Black Metal Legs",1,"contemporary,couch,couches,dove,furniture,genuine leather,gray,legs,living room furniture,metal,modern,settee,sofa,sofas",https://www.houzz.com/products/hope-contemporary-sofa-genuine-dove-gray-leather-with-black-metal-legs-prvw-vr~110253205
sofas,2021-01-05 18:14:47.823069,https://st.hzcdn.com/fimgs/8e7163b70a3c1d4a_5353-w65-h65-b1-p0--.jpg,https://st.hzcdn.com/fimgs/de717c590a3c1d4c_5353-w65-h65-b1-p0--.jpg,"Safavieh Florentino Tufted Sofa, Dusty Rose",1,2018,https://www.houzz.com/products/safavieh-florentino-tufted-sofa-dusty-rose-prvw-vr~109138099
sofas,2021-01-05 18:14:48.341047,https://st.hzcdn.com/fimgs/08d1a92a0f5fe3d2_6027-w65-h65-b1-p0--.jpg,https://st.hzcdn.com/fimgs/118123930f5fe3d3_8878-w65-h65-b1-p0--.jpg,"Saturn Sofa, Sprite",1,"american made sofa,Apartment size sofa,choice of fabrics sofa,custom sofa,Hand Made Sofa,living room furniture,Made in Usa sofa",https://www.houzz.com/products/saturn-sofa-sprite-prvw-vr~50791434
sofas,2021-01-05 18:14:48.395574,https://st.hzcdn.com/fimgs/6eb11ede0c33ad2e_1487-w65-h65-b1-p0--.jpg,https://st.hzcdn.com/fimgs/853107bb0c33ad31_1487-w65-h65-b1-p0--.jpg,"Roll Arm Upholstered Sofa, Cambridge Blue Stripe",1,"accents,blue,contemporary,settees,transitional,upholstered",https://www.houzz.com/products/roll-arm-upholstered-sofa-cambridge-blue-stripe-prvw-vr~135708355
sofas,2021-01-05 18:14:48.446891,https://st.hzcdn.com/fimgs/62814c750faf1294_0440-w65-h65-b1-p0--.jpg,https://st.hzcdn.com/fimgs/55315ff30faf1295_6579-w65-h65-b0-p0--.jpg,"Presley Sofa, Vintage Leather, Camel With Hardwood Feet",1,"apartment sized,Bedroom,camel,contemporary decor,Dining,entry,foyer,hallway,hardwood,inexpensive,kids room,living,modern decor,natural wood,sofa,traditional,vintage leather",https://www.houzz.com/products/presley-sofa-vintage-leather-camel-with-hardwood-feet-prvw-vr~150847305
tables,2021-01-05 18:14:48.717468,https://st.hzcdn.com/simgs/0021b51e07471323_4-8893/home-design.jpg,,"30""x42"" Mahogany Laminate Table Top With Table Height Base",1,"banquet furniture,banquet table,dining table,home furniture,restaurant furniture,tab,table set",https://www.houzz.com/products/30x42-mahogany-laminate-table-top-with-table-height-base-prvw-vr~55557086
sofas,2021-01-05 18:14:48.776616,https://st.hzcdn.com/fimgs/e971858e0ee0e567_2160-w65-h65-b1-p0--.jpg,https://st.hzcdn.com/fimgs/bb21c9d70ee0e569_2160-w65-h65-b1-p0--.jpg,Engage Top-Grain Leather Living Room Lounge Sofa Tan,1,"affordable,affordable furniture,chair,decor,decor ideas,Dining,free shipping,furniture,high quality,Home,home decor,home d�cor,home improvement,Home Interior,indoor,modern furniture,Outdoor,sofa,sofasarmchairs,swell",https://www.houzz.com/products/engage-top-grain-leather-living-room-lounge-sofa-tan-prvw-vr~150465352
tables,2021-01-05 18:14:49.188815,https://st.hzcdn.com/fimgs/13c11b140a3c4740_0845-w65-h65-b1-p0--.jpg,https://st.hzcdn.com/fimgs/4a6158090a3c4742_0845-w65-h65-b0-p0--.jpg,"Palma 72"" Round Dining Table, Ebony Oak",1,"black dining table,contemporary dining table,dining table,dining table for 8,mandalay furniture,model home,Palma dining table,round dining table,table",https://www.houzz.com/products/palma-72-round-dining-table-ebony-oak-prvw-vr~109153166
tables,2021-01-05 18:14:49.451964,https://st.hzcdn.com/fimgs/ed5163670e580cca_4073-w65-h65-b1-p0--.jpg,https://st.hzcdn.com/fimgs/f1e1be650e580ccc_4073-w65-h65-b1-p0--.jpg,42'' Square Black Laminate Table Top with 33'' x 33'' Table Height Base,1,,https://www.houzz.com/products/42-square-black-laminate-table-top-with-33-x-33-table-height-base-prvw-vr~156409374
sofas,2021-01-05 18:14:49.569892,https://st.hzcdn.com/fimgs/83f1f8990fc6bfef_1093-w65-h65-b1-p0--.jpg,https://st.hzcdn.com/fimgs/a9318fcf0fc6bff0_1093-w65-h65-b1-p0--.jpg,"Thompson 10' Linen Sofa, Blanc, Classic Depth",1,"4 seater sofa,bench seat,couch,custom made sofa,handcrafted sofa,linen sofa,living room furniture,Made in USA,rolled arm sofa,slope arm sofa,sofa,upholstered sofa,white sofa",https://www.houzz.com/products/thompson-10-linen-sofa-blanc-classic-depth-prvw-vr~127267303
beds,2021-01-05 18:14:49.943953,https://st.hzcdn.com/fimgs/fc0136860e1ca87d_1724-w65-h65-b1-p0--.jpg,https://cf-images.us-east-1.prod.boltdns.net/v1/jit/4186268161001/5ad27a6c-008b-487a-ba19-3c3ac4d938de/main/300x300/1m11s71ms/match/image.jpg,Inverness Upholstered Bed 6/6 King,1,,https://www.houzz.com/products/inverness-upholstered-bed-6-6-king-prvw-vr~153610790
tables,2021-01-05 18:14:50.154344,https://st.hzcdn.com/fimgs/82910ae40fdb6fca_5010-w65-h65-b1-p0--.jpg,https://st.hzcdn.com/fimgs/92e16d250fdb6fcb_8618-w65-h65-b1-p0--.jpg,Dual Tone Rustic Farmhouse Round Table Top Pedestal Base Dining Table for 4,1,"dining table,dining table  round,dual tone table,NATURAL LOOKING,ROUND RUSTIC DINING TABLE,solid wood round table,table pedestal base",https://www.houzz.com/products/dual-tone-rustic-farmhouse-round-table-top-pedestal-base-dining-table-for-4-prvw-vr~167632174
tables,2021-01-05 18:14:50.741591,https://st.hzcdn.com/fimgs/9da129210b3c230e_5653-w65-h65-b1-p0--.jpg,https://st.hzcdn.com/fimgs/2fe140bb0b3c2328_7818-w65-h65-b1-p0--.jpg,"Bennet 48""x48"" Table, 1 Leaf, Rustic Cherry Wood, Extendable Dining Table",1,"1 leaf table,48x48 dining room table,48x48 dining table,66x48 table,dining room table,dining table,dining tables,dinner table,extendable dining room table,extendable dining table,metal base dining room table,metal trestle table base,rustic wood dining table,solid wood dining table,square,tables,wood dining tables",https://www.houzz.com/products/bennet-48x48-table-1-leaf-rustic-cherry-wood-extendable-dining-table-prvw-vr~122627626
tables,2021-01-05 18:14:51.236245,https://st.hzcdn.com/fimgs/c031f65a0a8da8e3_6918-w65-h65-b1-p0--.jpg,https://st.hzcdn.com/fimgs/5d512bbd0a42bea5_6918-w65-h65-b0-p0--.jpg,"Hudson 72"" Square Dining Table, Textured Coffee",1,"brown dining table,brown table,dining table,dining table for 8,hudson dining table,Mandalay,mandalay furniture,mandalay home furniture,sits up to 8",https://www.houzz.com/products/hudson-72-square-dining-table-textured-coffee-prvw-vr~109280441
tables,2021-01-05 18:14:51.283622,https://st.hzcdn.com/simgs/d6a1355f08e6aa83_4-8384/home-design.jpg,,"30"" Square Natural Laminate Table Top With 18"" Round Table H Base",1,"banquet furniture,banquet table,dining table,home furniture,restaurant furniture,tab,table set",https://www.houzz.com/products/30-square-natural-laminate-table-top-with-18-round-table-h-base-prvw-vr~89907319
tables,2021-01-05 18:14:51.851009,https://st.hzcdn.com/fimgs/ce719e3c091b0edd_2380-w65-h65-b1-p0--.jpg,https://st.hzcdn.com/fimgs/4311c95008dd23c5_2380-w65-h65-b0-p0--.jpg,"American Hand Crafted Rustic Dining Table, ""Guilford"" Rustic Round Table",1,"ROUND RUSTIC DINING TABLE,rustic dining table,rustic round dining table",https://www.houzz.com/products/american-hand-crafted-rustic-dining-table-guilford-rustic-round-table-prvw-vr~89297061
tables,2021-01-05 18:14:52.356068,https://st.hzcdn.com/fimgs/0741234907f29ed6_6352-w65-h65-b1-p0--.jpg,https://st.hzcdn.com/fimgs/1951025f07f29ed7_6352-w65-h65-b1-p0--.jpg,Stanford Table and Base,1,"ash dining table,decorative dining table,dining table with leaves,extendable dining table,wooden dining table",https://www.houzz.com/products/stanford-table-and-base-prvw-vr~66691953
tables,2021-01-05 18:14:52.449758,https://st.hzcdn.com/fimgs/bef1144c0e580c9c_8310-w65-h65-b1-p0--.jpg,https://st.hzcdn.com/fimgs/dc9136b20e580c9e_8310-w65-h65-b1-p0--.jpg,"24''x42'' Rectangular Black Laminate Table Top,23.5''x29.5'' Table Height Base",1,flash furniture xu-blktb-2442-t2230-gg rectangular black tab,https://www.houzz.com/products/24-x42-rectangular-black-laminate-table-top-23-5-x29-5-table-height-base-prvw-vr~131248247
tables,2021-01-05 18:14:53.182956,https://st.hzcdn.com/fimgs/23b1e7370a1c650c_5710-w65-h65-b1-p0--.jpg,https://st.hzcdn.com/fimgs/b641e6dd0a1c650a_5710-w65-h65-b1-p0--.jpg,Modrest Mear Modern Concrete Dining Table,1,"concrete dining table,concrete table,Dining,dining table,table",https://www.houzz.com/products/modrest-mear-modern-concrete-dining-table-prvw-vr~63988247
tables,2021-01-05 18:14:53.211633,https://st.hzcdn.com/fimgs/3541c9dc0b19a66e_6100-w65-h65-b1-p0--.jpg,https://st.hzcdn.com/fimgs/42e1f1f60b19a66f_7665-w65-h65-b0-p0--.jpg,"Sanibel Carved Dining Table, Table Only",1,"brown,Dining,leaves,Mediterranean,Spanish style,table,traditional,wood",https://www.houzz.com/products/sanibel-carved-dining-table-table-only-prvw-vr~62687800
tables,2021-01-05 18:14:53.275135,https://st.hzcdn.com/simgs/21a1b0970559e3b1_4-0109/home-design.jpg,,"Tulip Table White Fiberglass Dining Table, 30""",1,tulip table,https://www.houzz.com/products/tulip-table-white-fiberglass-dining-table-30-prvw-vr~110995371
tables,2021-01-05 18:14:53.359638,https://st.hzcdn.com/fimgs/2911f8730b7da5d0_0730-w65-h65-b1-p0--.jpg,https://st.hzcdn.com/fimgs/d941c4cc0b7da5d3_0730-w65-h65-b0-p0--.jpg,"Baluster Table With Extension, Expandable Dining Table, Harvest Wheat Finish, 8'",1,"Custom Furniture,Dining,dining room,dining table,dining table with leaf,expandable dining table,extension table,formal dining,handcrafted,hardwood,hardwood dining table,hardwood table,kitchen,kitchen table,Made in America,Made in USA,modern farmhouse,table with extension,traditional design,transitional",https://www.houzz.com/products/baluster-table-with-extension-expandable-dining-table-harvest-wheat-finish-8-prvw-vr~126490805
tables,2021-01-05 18:14:53.576351,https://st.hzcdn.com/fimgs/20e1fda605916cb7_2500-w65-h65-b1-p0--.jpg,https://st.hzcdn.com/fimgs/4541947a058d8c85_2500-w65-h65-b1-p0--.jpg,Expandable White Dining Table,1,"contemporary dining table,dining room table,dining table,expandable dining table,expandable white dining table,extending table,modern,modern dining table,white dining table",https://www.houzz.com/products/expandable-white-dining-table-prvw-vr~32782950
tables,2021-01-05 18:14:53.619119,https://st.hzcdn.com/fimgs/a0d1b4320dc9b4ff_0909-w65-h65-b1-p0--.jpg,https://st.hzcdn.com/fimgs/2ae197110dc9b4fb_5335-w65-h65-b0-p0--.jpg,"Faux White Marble Tulip Dining Table, Oval, Glam Gold Table, 60""",1,"78"" oval dining table,glam dining table,glamorous regency table,gold dining table,kitchen table,luxe dining table,Mid Century Dining Table,modern dining table,oval dining table,Oval Marble Dining Table,Saarinen dining table,Saarinen oval dining table,tulip dining table,white dining table,white marble dining table",https://www.houzz.com/products/faux-white-marble-tulip-dining-table-oval-glam-gold-table-60-prvw-vr~151313101
tables,2021-01-05 18:14:54.038397,https://st.hzcdn.com/fimgs/fa8107eb0b1ee6b3_2023-w65-h65-b1-p0--.jpg,https://st.hzcdn.com/fimgs/df412f9b0b1ee6b4_2023-w65-h65-b1-p0--.jpg,"Cornwall Extension Dining Table 55""/71""",1,"55 inch dining table,55"" dining table,71 inch dining table,cornwall collection,Cornwall Extension Dining Table,cornwall extension dining table 55""/71"",cornwall extension table,dining table,extension dining table,farmhouse dining table,four hands,modern farmhouse,traditional dining table",https://www.houzz.com/products/cornwall-extension-dining-table-55-71-prvw-vr~41837585
tables,2021-01-05 18:14:54.718405,https://st.hzcdn.com/fimgs/d54143dc0877fa25_2739-w65-h65-b1-p0--.jpg,https://st.hzcdn.com/fimgs/0761495a0877fa26_2739-w65-h65-b0-p0--.jpg,"Lauren Dining Table, Wenge",1,"Artisan furniture,Chic,classic modern,contemporary furniture,extension dining table,furniture,modern,modern furniture,rectangle dining table,sculptural,seats up to 12,stylish,unique,unique designs,walnut,wenge,wood,wood dining table,wood veneer",https://www.houzz.com/products/lauren-dining-table-wenge-prvw-vr~79078276
tables,2021-01-05 18:14:54.816787,https://st.hzcdn.com/fimgs/dec1e4d00ecba6b4_7341-w65-h65-b1-p0--.jpg,https://st.hzcdn.com/fimgs/38611afb0ecba6b9_4110-w65-h65-b0-p0--.jpg,"Modern Stylish White Faux Marble Dining Table Rectangular Table in Brushed Gold,",1,,https://www.houzz.com/products/modern-stylish-white-faux-marble-dining-table-rectangular-table-in-brushed-gold-prvw-vr~159862459
tables,2021-01-05 18:14:58.792794,https://st.hzcdn.com/fimgs/9601f09a0bdc2a95_5200-w65-h65-b1-p0--.jpg,https://st.hzcdn.com/fimgs/cfa1d34f0bdc2a97_5200-w65-h65-b0-p0--.jpg,"vidaXL Dining Table 45.7"" High Gloss White Dinner Table Home Kitchen Desk",1,"dining table,dining tables,dinner table,dinner tables,furniture,high gloss dining table,high gloss dining tables,high gloss table,high gloss tables,Kitchen & Dining Room Tables,MDF,new,tables,vidaxl,white",https://www.houzz.com/products/vidaxl-dining-table-45-7-high-gloss-white-dinner-table-home-kitchen-desk-prvw-vr~131625818
tables,2021-01-05 18:14:58.824899,https://st.hzcdn.com/fimgs/e8417635091b0ee7_2284-w65-h65-b1-p0--.jpg,https://st.hzcdn.com/fimgs/e601a23808dd2a3c_2284-w65-h65-b0-p0--.jpg,"American Hand Crafted Rustic Dining Table, ""Annapolis"" Rustic Pine Dining Table",1,"rustic dining table,rustic pine dining table,rustic round dining table",https://www.houzz.com/products/american-hand-crafted-rustic-dining-table-annapolis-rustic-pine-dining-table-prvw-vr~89299112
